attribute,usage
animation,Items tagged or categorized with Animation.
children's,Items tagged or categorized with Children's.
comedy,Items tagged or categorized with Comedy.
adventure,Items tagged or categorized with Adventure.
fantasy,Items tagged or categorized with Fantasy.
romance,Items tagged or categorized with Romance.
drama,Items tagged or categorized with Drama.
action,Items tagged or categorized with Action.
crime,Items tagged or categorized with Crime.
thriller,Items tagged or categorized with Thriller.
horror,Items tagged or categorized with Horror.
sci-fi,Items tagged or categorized with Sci-Fi.
war,Items tagged or categorized with War.
musical,Items tagged or categorized with Musical.
documentary,Items tagged or categorized with Documentary.
mystery,Items tagged or categorized with Mystery.
film-noir,Items tagged or categorized with Film-Noir.
western,Items tagged or categorized with Western.
