id,title,category,price,rating,user_id,remaining_interaction_string,query,classification,preferences,new_query,target_count,targets,hit_rate,mrr,ndcgs,fail,pattern_used
B0017LFKOC,25 Best: Kenny Rogers,Cowboy | Country,15.08,4.5,AFNFZ2CJO7U4MOJMLLUJD7SUOBUQ,B001F0K0M2|B000B8GTEW|B0013L5M08|B00000255F|B00000DCHI|B000001DVP|B00005BJ9X|B0002S94MK|B000002NFI|B00005USBH|B000007SFM|B0000BWVO3|B000HA4AAE|B000H0MKGU|B00004R7VU|B000I0QKFG|B000002GHQ|B000007XUQ|B000PTYPFW|B0000024QR|B000BISBDO|B00005NWMI|B001041JKU|B000T0C0MC,I'm looking for a music collection that provides a nostalgic vibe for a backyard barbecue.,1,"The user shows a particular interest in holiday-themed music and duets, suggesting a preference for seasonal and collaborative musical works.",I'm looking for a music collection that provides a nostalgic vibe for a backyard barbecue. Please recommend me some different styles of music.,-1.0,,0.5,1.0,0.7874345491241825,0,template_12
B0000C3I5V,All Night Wrong,Rock | Progressive Rock | Progressive,14.85,4.4,AGWEAXC36WPVGR2QTQBCL33CPIGA,B0002X064A|B000003ZAZ|B00006IU73|B0000033P0,Can you recommend me a track with complex song structures and experimental sounds for a thought-provoking evening?,1,"The user has a unique preference for music that is characterized by complex compositions and innovative sounds, as indicated by their interest in progressive rock.",Can you recommend me a track with complex song structures and experimental sounds for a thought-provoking evening? Please recommend me some different styles of music.,-1.0,,0,0,0,1,template_12
B003TOS93O,Live At The Isle Of Wight Festival 1970,Hard Rock | Rock,19.98,4.6,AFXQQKJSPEBTBYXDGJULO2OCML6A,B08X7S43KV|B079NBWT35|B0091Q82L8|B018UYWMJY|B0000252Z1|B004VQFQ2Q|B004RQVVGU|B00RUT3DTE|B074TS9QPV|B00382X4WI|B00382X4XC|B004DL5K2K|B07CPMDPVJ,I'm interested in a track that can help me boost my energy during an intense workout.,1,The user has a unique preference for live album recordings and expanded or legacy editions of albums.,I'm interested in a track that can help me boost my energy during a workout. Please recommend me some different styles of music.,-1.0,,0.45,1.0,0.8253796006963768,0,template_12
B000002GJS,Waking Up The Neighbours,Classic Rock | Today's Deals in Music | Album-Oriented Rock (AOR) | CDs $7 - $10,11.4,4.7,AH6UIBC6VVFY77F3JP6ZXCZYESQA,B000025Y9I|B00775R43W|B000002OGY|B00770KFEM,Could you guide me to a music album that is best suited for a nostalgic road trip?,1,"The user has a unique preference for classic rock and album-oriented rock, with a notable interest in pop and country music as well.",Could you guide me to a music album that is best suited for a nostalgic road trip? Please recommend me some different styles of music.,-1.0,,0.6,1.0,0.8576904206593192,0,template_12
B000007OD2,Day of the Saxons,CDs $7 - $10 | Hard Rock | Hard Rock & Metal | Today's Deals in Music,59.99,4.9,AEC47T4F3KHPRWF5QGGOITEV2Z3A,B000009EAD|B000007T73|B0000061YV|B00000I6F6|B00000IN5K|B00000BKE1|B0000060ZI|B000000H66|B000002AOU,I'm interested in a music CD that can help me boost my energy during intense workouts.,1,"The user has a unique preference for subgenres like progressive metal and death metal, indicating a taste for complex and intense musical styles.",I'm interested in a music CD that can help me boost my energy during workouts. Please recommend me some different styles of music.,-1.0,,0,0,0,1,template_12
B01GUBRPB4,The Last Stand,Metal | Pop Metal,12.57,4.9,AE6EX3YFOG5MNAK2NILONGV6O3RQ,B0002FHCOA|B000ZOSMZG|B0000032PS|B000002W4P|B000093OU7|B000001F9E|B001BPNURI|B001ESEGPW|B000294T2O|B000008CXT|B000001FN8|B000001EUR|B000002LPD|B000001EUP|B00005NGSE|B000002IWH|B001E45STY|B000006MV0|B000065V8J|B00005LN6P|B000025A3V|B0002ZI9DI|B0000032PQ,"Could you guide me to a music CD that is best suited for an energetic workout, ideally with a classic rock vibe from the 70s and 80s?",1,"The user shows a particular interest in remastered albums and soundtracks, suggesting a preference for high-quality audio and possibly a nostalgic connection to certain films or eras.",Could you guide me to a music CD that is best suited for an energetic workout with a classic rock vibe from the 70s and 80s? Please recommend me some different styles of music.,-1.0,,0,0,0,1,template_12
B000ND91SG,A Hundred Miles or More: A Collection,Bluegrass | Country,14.97,4.6,AHH56VGDILFGWPW5L35NRGZEUWMQ,B000F9TCI2|B001E6R7I2|B000000D92|B000002IT2,Can you suggest a playlist for a lively family reunion with a touch of nostalgia?,1,"The user has a unique preference for 'Oldies' and 'Adult Alternative' music, indicating a taste for nostalgic and possibly eclectic music styles.",Can you suggest a playlist for a lively family reunion? Please recommend me some different styles of music.,-1.0,,0.4833333333333333,1.0,0.7671641396921497,0,template_12
B0000D9WWR,Most Relaxing Cello Album in World Ever / Various,Classical | Forms & Genres | Concertos,8.08,4.4,AFNLLFAUIS3CY4T5UJYOCHSP3BDA,B0000AM6L0|B002EYB6DK|B00000E9X4|B0000000JS|B0001WU1QK,I'm looking for a music collection that provides a soothing atmosphere for meditation and reflection.,1,"The user has a unique preference for vocal music that includes Motets and Opera & Classical Vocal, as well as a notable interest in Bluegrass and Country genres.",I'm looking for a music collection that provides a soothing atmosphere for meditation. Please recommend me some different styles of music.,-1.0,,0.275,1.0,0.6577324383928644,0,template_12
B000I6B9CY,Luna Roja,Contemporary Folk | Folk,12.49,4.0,AG72WMCIMM4RPQSMSCM6X3RLAIGQ,B000007O8M|B000003QD0|B000053U8Z|B00000DOQV|B000KJTGNI|B0087W2HP4,I'm looking for music that would be perfect for a cozy evening of storytelling with friends.,1,"The user shows a unique preference for music that blends traditional American sounds with modern alternative influences, as indicated by their interest in Americana and American Alternative genres.",I'm looking for music that would be perfect for a cozy evening of storytelling with friends. Please recommend me some different styles of music.,-1.0,,0.5,1.0,0.8656568964821746,0,template_12
B000001KT7,The Sensational Nightingales - Greatest Hits,Gospel | Contemporary | Christian & Gospel,11.99,4.7,AGM634W23QSLTAKNLSVU2MPG7WEQ,B000929AVE|B00O0MBHR4|B00005R8DV|B001HBIOZY,I'm interested in music that can help me feel a deep spiritual connection during a quiet evening at home.,1,"The user has a unique preference for music that blends classic R&B with holiday themes, particularly enjoying collections that feature iconic artists like Aretha Franklin and The Temptations.",I'm interested in music that can help me feel a deep spiritual connection during a quiet evening at home. Please recommend me some different styles of music.,-1.0,,0,0,0,1,template_12
B0000073CC,Cliff Richard: Private Collection 1979-1988,International Music | Europe | Britain & Ireland | Britain,8.63,4.7,AFJHYBRQXLQ3SBSA74KVJSKIWADA,B00PTJGN12|B07B16NSYG|B0018LMZO4|B000002KAI|B004GE81CK|B00000IMTH|B002XTBE92,Can you recommend me a music collection for a cultural exchange event that highlights British heritage and European influences?,1,"The user has a unique preference for Baroque Pop and Folk music, indicating a taste for intricate musical compositions and storytelling through music.",Can you recommend me a music collection for a cultural exchange event that highlights British heritage? Please recommend me some different styles of music.,-1.0,,0.725,1.0,0.9049952950271456,0,template_12
B000002ALT,The Kansas,Progressive Rock | Rock | Progressive,17.3,4.5,AEHLGVJAXWFMSPY34UOQJNGEB4QQ,B000007492|B000007491|B00HEVRO98|B0055AGMHK|B0008MGGG2|B00OQY7YWS|B001NE81EO|B00004Z3WP,Could you recommend a track that features intricate storytelling and would be perfect for a thought-provoking evening?,1,"The user has a unique preference for niche and possibly vintage music albums, as indicated by their interest in specific bands and albums like Supertramp and Anvil Chorus.",Could you recommend a track that features intricate storytelling? Please recommend me some different styles of music.,-1.0,,0.325,1.0,0.894791985871909,0,template_12
B002HMHRAK,All Time Greatest Hits,New Orleans Jazz | Jazz,7.98,4.7,AEQNJQO7OBYZT3JXXGDJTK53UNDA,B00CTCMCKS|B0000025JP|B0012GMXFG|B000026GTW|B000MRP1WI|B000EHQ8CI|B00004C4MM|B006LL02GE|B000008BTD,Can you help me choose a music collection that captures the lively atmosphere of a French Quarter street performance?,1,"The user has a unique preference for music that includes theatrical, incidental, and program music, as well as concerto grossi.",Can you help me choose a music collection that captures the lively atmosphere of a French Quarter street performance? Please recommend me some different styles of music.,-1.0,,0.45,1.0,0.9111861729199798,0,template_12
B000B5IPLK,Alicia Keys - Mtv Unplugged,CDs $7 - $10 | R&B General | R&B | Today's Deals in Music,11.25,4.4,AEPIBG2CEEKCF7RYPHOFAOQXYROA,B0002VKZKM|B000002MKM|B001KP2Y3K|B00B04KVMC,I'm searching for a music collection that evokes nostalgia and is perfect for a romantic evening.,1,"The user shows a unique preference for live or acoustic performances, as indicated by their interest in albums like 'Unplugged' and 'Bare Bones.'",I'm searching for a music collection that evokes nostalgia. Please recommend me some different styles of music.,-1.0,,0.7,1.0,0.8176078265354377,0,template_12
B007W1449I,Ashes And Roses,Today's Country | Country,10.98,4.6,AFJC6OJ45OIVISBXAVC2IHUWXHFQ,B000065CXP|B000051Y31|B000008UOW|B00006IR5X|B000066C1N|B000034CZI,"I'm looking for music that captures the spirit of a lively evening out, perfect for a night at a country-themed bar.",1,"The user shows a unique preference for musical soundtracks and folk music, indicating a taste for narrative-driven and emotionally resonant compositions.","I'm looking for music that captures the spirit of a lively evening out, perfect for a night at a country-themed bar. Please recommend me some different styles of music.",-1.0,,0.25,1.0,0.7643077328535902,0,template_12
B00009IB5U,Lost Legends Of Surf Guitar I: Big Noise From Waimea,Surf Rock | Oldies & Retro | Rock,27.07,4.4,AF2KLCB62XJFZ3CV67RUIU4LGFNQ,B00009IB5U|B0000005QA|B0000005QA|B000X7S1EW|B000X7S1EW|B0000059YI|B0000059YI|B000P6R6SI|B000P6R6SI|B00ZJ1JHFO|B00ZJ1JHFO,Could you recommend a tune for a nostalgic beach party vibe?,1,"The user has a unique preference for surf rock, as indicated by their repeated purchases of albums in this genre. They also show a strong interest in music that evokes a sense of nostalgia, such as oldies and retro styles.",Could you recommend a tune for a nostalgic beach party? Please recommend me some different styles of music.,-1.0,,0.45,1.0,0.7536309561786851,0,template_12
B000T28FRO,Pride And Joy,Smooth Jazz | Jazz,19.98,4.5,AEZA62BS6GZYA6QW2C6YS2K3GX3Q,B0010VXL40|B0007VF2T6|B000SH3X5E|B000OI1JK8|B000NJLLVU|B000MG2LQ8|B000GNOSHM|B000GJ28KU|B000FEA5QA|B000FAOC5O|B000F8OIF0|B000EHT5S2|B0008JIHWQ|B000E97HIA|B000E5N67A|B000BOW2OC|B000EBDAAW|B000E5LFEG|B000E3K39Q|B000B9EYF2|B0009X75T2|B000AA4MDQ|B0000D1FKM|B0000APVIK|B00009K45R,Can you show me a tune that works for a romantic evening at home?,1,"The user shows a unique preference for Soul-Jazz & Boogaloo and Jazz Fusion, indicating a taste for more eclectic and rhythmically complex jazz subgenres.",Can you show me a tune that works for a romantic evening? Please recommend me some different styles of music.,-1.0,,0,0,0,1,template_12
B09QFDJSRN,A Beautiful Time,Instrumental | Country,11.98,4.8,AGWQMQNW3CYOZIQN47SHQBKHFZ2Q,B09DGMPTCK|B07VRFYDQV|B01N80T6C6|B004140PNI|B01C5UN9JQ,I'm looking for a soothing instrumental piece that enhances focus while reading.,1,"The user has a unique preference for orchestral jazz and soundtracks, suggesting an appreciation for complex musical arrangements and possibly cinematic music experiences.",I'm looking for a soothing instrumental piece that enhances focus. Please recommend me some different styles of music.,-1.0,,0.0,0.0,0.0,1,template_12
B00005Q7G0,Vrooom Vrooom,Progressive Rock | Rock | Progressive,19.84,4.8,AEDZ23VA44BI4DY6OHZBPMYYJSBQ,B001HQ6ZC8|B000JJRY9M|B000GW8RWU|B000AL730O,Do you have any music DVD recommendations that would be good for an immersive live performance experience with thought-provoking themes?,1,The user has a unique preference for music that blends indie and alternative styles with elements of garage punk and hardcore punk. They also show an interest in music from the British Isles and international music scenes.,Do you have any music DVD recommendations that would be good for an immersive live performance experience? Please recommend me some different styles of music.,-1.0,,0.7,1.0,0.8411821810250896,0,template_12
B0000E3HZW,Christmas in the Northwest 2 / Various,Christmas | Holiday & Wedding,4.94,4.9,AHCL6WUPDSQJIGZ4UUDZQ2VTIRMQ,B0000E3I11|B006R6PU2O|B001KUMZ98|B004RGR966|B001IS4748,Can you help me pick a music collection for creating a cozy atmosphere during a family winter gathering?,1,The user shows a unique preference for music collections that are themed around the Northwest region.,Can you help me pick a music collection for creating a cozy atmosphere during a family winter gathering? Please recommend me some different styles of music.,-1.0,,0.0,0.0,0.0,1,template_12
B00006JO4Q,Justified,Pop | Teen Pop,8.0,4.6,AGRSRIB4NSJPM2UYUCZZDAWYAGMA,B0000669JG|B00006916I|B00006359N|B000066HQC|B00004T99Z,Could you recommend a tune that would be perfect for a lively teen gathering?,1,"The user has a unique preference for Garage Punk and Hardcore & Punk music, indicating a taste for more niche and intense music styles within the alternative genre.",Could you recommend a tune that would be perfect for a lively teen gathering? Please recommend me some different styles of music.,-1.0,,0,0,0,1,template_12
B0141GTKNG,Storyteller,Country | Today's Country,7.9,4.8,AE2MBYENXY5K4NS6G6MWTXNHJFAA,B014TDOJQ4|B00ZQ7WOMY|B0015A01Z8|B00MW5FBKU|B00W8G7IGI,Could you recommend a tune for a lively evening at a honky-tonk bar?,1,"The user shows a unique preference for vocal pop and Bollywood soundtracks, indicating an appreciation for both contemporary and classic music styles.",Could you recommend a tune for a lively evening at a honky-tonk? Please recommend me some different styles of music.,-1.0,,0,0,0,1,template_12
B000002TOC,Music for the Native Americans,Singer-Songwriters | Pop,9.5,4.7,AEPFVUDKL4FFQMM4F4A7N3UU67DQ,B000UPWO5E|B00004R8PY|B000000PPV|B000009PRE,Can you help me pick a song for an intimate evening reflecting on cultural themes?,1,"The user has a unique preference for music that highlights Native American culture and themes, as well as music associated with holiday celebrations.",Can you help me pick a song for an intimate evening reflecting on cultural themes? Please recommend me some different styles of music.,-1.0,,0,0,0,1,template_12
B00005YW4H,Come Away with Me,Singer-Songwriters | Pop,9.08,4.7,AG3CL6C4QFUFLJUARFTB7PF5CG2Q,B002BAODSC|B0000033T6|B00069FKFA|B00005REQR|B000008DXB|B00M1SK8TM|B000068QEM|B000001FUI|B000LE1A0E|B000B8I896|B00001QGTO|B0002WS3S2|B00CWHJT0Q|B0012GMXTW|B0002WS3RS|B0012GN45E|B001FWRYUQ|B00005V1B2|B000002KE0|B000003CMR|B000AL730O|B00452J5IW|B0060ANRM2|B000001FZK|B000H8RWCE|B0000084J7|B00775D77Y|B014JDO9NC|B000IY0G3Y|B0000047Q9|B00005GL2F|B00EKK5EKC|B01EWEG7DS|B006HC98E4|B00U39G62E|B004NHRGQW|B000AYEIOA,I'm looking for something that's a soothing tune for a reflective evening at home.,1,"The user has a unique preference for music that is experimental and eclectic, often exploring complex and innovative sounds. They show a particular interest in live performances and remastered editions, indicating a preference for high-quality audio experiences.",I'm looking for something that's a soothing tune for a reflective evening at home. Please recommend me some different styles of music.,-1.0,,0,0,0,1,template_12
B015RD3L4Q,Evolution,Contemporary R&B | R&B,,4.9,AFZ7HY5YQW4SB4KVLNFJH43MZFWA,B00WUUJOK0|B00UK6JE3S|B000001DYQ|B000001QJP|B00029BPA8|B000BKJH6M|B005DEVH50|B00005LMN3|B000O783R6,Could you guide me to a music track that is best suited for a romantic evening with a soulful vibe?,1,"The user has a unique preference for music that blends elements of urban groove and soul, as indicated by their interest in albums like '360 Urban Groove' and 'Reinventment.'",Could you guide me to a music track that is best suited for a romantic evening? Please recommend me some different styles of music.,-1.0,,0.925,1.0,0.9081353228874004,0,template_12
B00000DRYQ,"Leonard Bernstein / New York Philharmonic / Dukas Sorcerer's Apprentice / Saint-Saens Danse Macabre, Op. 40 / Chabrier Espana / Ravel Pavane / Offenbach: Orpheus Overture",Pavanes | Classical | Ballets & Dances,17.99,4.6,AFZTENIYAT7ACUB7BKQGTUDXLNYQ,B008BOWG68|B0000032JC|B003VFFCWW|B0000CNTLU|B00000DOGW|B000FNF0V6|B000N8XWB8|B000001G6Y|B0000025PL|B0000AQVKU|B00000E58E|B000001VQR|B000003SZV,Could you guide me to a classical music piece that is best suited for a reflective evening at home?,1,"The user has a unique preference for New Wave and Post-Punk music, as well as an interest in special deals in music.",Could you guide me to a classical music piece that is best suited for a reflective evening at home? Please recommend me some different styles of music.,-1.0,,0.4833333333333333,1.0,0.8727629511938518,0,template_12
B08WP9GK1Q,People / Give Me Your Love For Christmas / The Impossible Dream / LoveTheme From Romeo & Juliet A Time For Us,Christmas | Holiday & Wedding,17.47,4.7,AGG75AABVYBT27HUGAKMGZRUV3AQ,B07VHY4YJW|B07QKGK3HJ|B086B9S61X|B07QH82MZL|B003WKA85M|B00004SVJP|B000002676|B0000026KY|B07VJWWJSL|B000V9KE4W|B0000028VQ|B000K7UG2K|B00005U120|B00EULQJXM|B005R2RZT0|B0128ZTZSC|B008RCO5QS|B000219986|B00000265P|B0757CWNSC|B008IGP8XM|B00005Q50M|B00UCFVIDQ|B00065L706|B00005RGNI|B0000CFW87|B002NOYX5O|B00005BCHQ|B000A2RRF4,Please suggest a classic tune with male vocals for a festive family reunion.,1,"The user shows a distinct interest in expanded editions and collections, indicating a desire for comprehensive and enriched musical experiences. They also have a notable interest in holiday-themed music and soundtracks from musicals.",Please suggest a classic tune with male vocals for a festive family reunion. Please recommend me some different styles of music.,-1.0,,0,0,0,1,template_12
B000040OCD,"Bruckner: Symphony, No. 8 in C Minor",Classical | Today's Deals in Music | Classical General | CDs Under $7,5.76,4.6,AGH5CQDVHE6ROL2UHSIE6SXXSJFA,B000XUIY3W|B000002RT5|B000000WQ3|B000003FBI|B0000V8CIQ|B00000I5GE|B00004R8M3|B000023YR1|B00005NUOO|B000089RVP|B000KP61ZI|B000003G38|B00005JI4Z|B0000507Y7|B00008O8B3|B000031WYN|B00006RHQG|B0000041BV|B00013UKM4|B00000JC7S|B000000AHZ|B000067DNW|B000EOTF8U|B000H5TV26|B000004CXD|B000003FD9|B000000AY9|B00005NSR0|B000003FA7|B000002A6J|B000000B0B|B0000046R2|B000GFLEU4|B0000BWVDL|B0000CF31T|B000CNEO1G|B000FDEUFS|B0000057CG|B0002CX4Q8|B000001GXR|B00007EEK6|B000046Q2R|B00002DF9N|B00000E4G5|B0009X6ZS4|B0000013OQ|B00000JLEP|B000003CWI|B000002N9X|B00008FV8W|B000005J2D|B00005OAD4|B0001JXOUI|B00004TQPK|B000000T9W|B00000DI3F|B000003CMC|B00004S53N|B000001GYS|B0000057DU|B0000026ZQ|B0000042HK|B000001GNI|B000006PKI,Could you guide me to a symphony CD that is perfect for cultural enrichment during a wine tasting?,1,"The user shows a unique preference for trumpet concertos and works by composers like Bach, Haydn, and Shostakovich. They also enjoy music that features intricate instrumental arrangements and historical performances.",Could you guide me to a symphony CD that is perfect for cultural enrichment during a wine tasting? Please recommend me some different styles of music.,-1.0,,0.0,0.0,0.0,1,template_12
B000007RU1,"Genesis Archive, Vol. 1: 1967-1975",Progressive Rock | Rock | Progressive,,4.8,AFE6CBLZXZFBYGQ2KSZ4XB2DQWSQ,B0016OMFNY|B001ULAUFS|B00006696R|B00004TSB6|B0002NRQTS,I am looking for a music compilation that is perfect for a thought-provoking evening of artistic exploration.,1,"The user shows a unique preference for music that falls under 'Today's Deals in Music,' indicating an interest in discovering new or discounted music offerings.",I am looking for a music compilation that is perfect for a thought-provoking evening. Please recommend me some different styles of music.,-1.0,,0.1,0.5,0.2455746465811487,0,template_12
B000O178BY,Year Zero,Indie & Alternative | Goth & Industrial | Industrial | Alt Industrial,13.98,4.7,AEKII42EM4BCR2C5C7YSVD6JKTVQ,B00000266N|B0000296JB|B00005QG9J|B00005MHQO|B000002H35|B0000005LA|B00005OM4M|B000056K04|B00000J60C|B000050HZO|B00000I5M6|B00000099S|B00000313O|B000002UVZ|B00002EPKW|B00004Z0LW|B00000J6BR|B00000272G|B000001Y5Z|B000001FS1|B00001QGQI,I'm looking for a music that captures the essence of a late-night drive with a touch of rebellion.,1,"The user shows a distinct preference for alternative rock and indie music, as indicated by their interest in products labeled under 'Alternative Rock' and 'Indie & Alternative.'",I'm looking for music that captures the essence of a late-night drive with a touch of rebellion. Please recommend me some different styles of music.,-1.0,,0,0,0,1,template_12
B0000009ZV,Captured Live,Chicago Blues | Blues | Regional Blues,16.69,4.6,AERBJLQSQ4MLFFNJNPQU2YWW3LOA,B00006399Z|B002WHT0YQ|B00035W09G|B0000009YW|B0733G38N4,Do you have any suggestions for a music piece that captures the essence of cultural heritage for a live performance in an urban setting?,1,"The user has a unique preference for Chicago Blues and Regional Blues, indicating a specific interest in blues music with a regional influence.",Do you have any suggestions for a music piece that captures the essence of cultural heritage for a live performance? Please recommend me some different styles of music.,-1.0,,0.0,0.0,0.0,1,template_12
B0000AGWEC,Measure of a Man,CDs $7 - $10 | Dance & DJ | Dance General | Today's Deals in Music,7.28,4.6,AE5N6WL34F27ZNAMU7GC2ZLE4LDA,B00009WHS1|B00009PRZF|B00008MNYR|B00008V61U|B00005KAVP|B00003G1I8,Can you help me pick a music CD that's perfect for a lively dance party with friends?,1,"The user shows a unique preference for genres like Trip-Hop and Baroque Pop, indicating an interest in more eclectic and sophisticated musical styles beyond mainstream pop.",Can you help me pick a music CD that's perfect for a lively dance party with friends? Please recommend me some different styles of music.,-1.0,,0.2,0.3333333333333333,0.3234697069878149,1,template_12
B000002UUM,Flowers in the Dirt,Album-Oriented Rock (AOR) | Classic Rock,17.42,4.5,AGRUCOGCFIL4CH4FSUQ24IGBKVDA,B005N0C0JQ|B000IHYVVE|B000000I9F|B003YDXGFQ,Could you suggest an album that's perfect for a nostalgic road trip with classic rock vibes?,1,"The user has a unique preference for music that blends elements of meditation and new age, suggesting a taste for calming and introspective auditory experiences.",Could you suggest an album that's perfect for a nostalgic road trip with classic rock vibes? Please recommend me some different styles of music.,-1.0,,0,0,0,1,template_12
B007WVJQLE,Rest on Me,Singer-Songwriters | Pop,12.98,4.2,AEJT7PEZCSPNJFZ5FKKZ4NYGUFQA,B00000DQ28|B000E33CCQ|B000008E16|B00005QHPY|B00151KJJU,Can you help me pick a song for a reflective evening of personal introspection?,1,"The user shows a unique preference for music that blends traditional and contemporary styles, as indicated by their interest in 'Today's Country' and 'Adult Contemporary' genres.",Can you help me pick a song for a reflective evening? Please recommend me some different styles of music.,-1.0,,0.8,1.0,0.8321598685233025,0,template_12
B000077SX4,The Point!,Folk | Today's Deals in Music | Contemporary Folk | CDs $7 - $10,7.98,4.8,AEA5BH2WFZ67TEVCLHFRAYG4YOAQ,B01CSMD3MO|B000EQ47GS|B0875ZTFT5|B07N27PS5X|B00197U0DU|B003O5MO3Y|B00ZWMT2MS|B00HO07548|B01IDSGCPW|B01L22Y8YI|B00CIOG4P6|B00I4583VQ|B0002IQB4Y|B013R9LE1Y|B00QR7ZLV8|B00QR7ZLYA|B00NAYYSS8|B00EG0MVMA|B0000001PX|B002985NJO|B008PPUMYQ|B000008C0Y|B008I34ZQG,Do you know any music that would work well for a nostalgic gift option?,1,"The user has a unique preference for classic and progressive rock albums, often favoring remixed or expanded editions of classic albums.",Do you know any music that would work well for a nostalgic gift? Please recommend me some different styles of music.,-1.0,,0.275,1.0,0.8216507966194136,0,template_12
B003EH3IZ0,Coat of Arms,Metal | Pop Metal,11.36,4.8,AEW6IUVNAIPTL4ZOGUT5DSM4AHFQ,B07R9HX3KZ|B01GUBRPB4|B008K9SG9K|B000NTPEBS|B00019RDRI|B00L5SFSN0|B000006H7G|B00FGWTOBI,Whatâs the best music I can use for an energetic workout that also fuels my artistic inspiration?,1,"The user has a unique preference for music that combines elements of pop and metal, as well as a liking for thematic or concept albums, such as those celebrating space exploration.",Whatâs the best music I can use for an energetic workout? Please recommend me some different styles of music.,-1.0,,0.725,1.0,0.9529631220704583,0,template_12
B000AADYYO,Ghost Reveries,International Music | Europe | Scandinavia | Sweden,11.03,4.9,AEUDM5N7KBNNL5GCSH2PJRBRRJVQ,B00KQ5RCA0|B0018CWWFK|B01IR87JPK|B01N7RL5AH|B004D5BMPA|B00GZPIKW4|B00BTHWFEC|B0000017CA,Do you have any suggestions for a music track that would be good for a cultural exchange event with a diverse audience?,1,"The user shows a unique preference for music that combines pop and metal elements, as well as an interest in international music and indie & alternative genres.",Do you have any suggestions for a music track that would be good for a cultural exchange event? Please recommend me some different styles of music.,-1.0,,0.35,1.0,0.7031381111010506,0,template_12
B003O5MO2A,On Your Feet Or On Your Knees,Hard Rock | Rock,7.98,4.7,AEQW6OLTUKJMUWM2U4AV5P23XMDQ,B00HYFKJPU|B005MAHX9O|B0012GMVL2|B0012GMWWA,I'm interested in a music album that can help me boost my energy during intense workouts.,1,"The user has a unique preference for 'Outlaw Country' music, which suggests an interest in a subgenre of country music that is characterized by its rebellious themes.",I'm interested in a music album that can help me boost my energy during workouts. Please recommend me some different styles of music.,-1.0,,0.0,0.0,0.0,1,template_12
B084CS7T6G,Made of Rain,Indie & Alternative | Alternative Rock,13.45,4.7,AGOIRGNJHAFUEW354JSVOYFJKROQ,B00ZG3VBKY|B000001JMC|B003UDBSW8|B000008IJP|B000001JQ0|B001FTW97C|B0012IXBPA,Can you help me choose a playlist for a late-night drive that feels nostalgic and intense?,1,"The user shows a distinct preference for music that blends elements of indie rock with goth and industrial influences, indicating a taste for darker, more experimental sounds.",Can you help me choose a playlist for a late-night drive that feels nostalgic? Please recommend me some different styles of music.,-1.0,,0.4666666666666667,1.0,0.7513570104486454,0,template_12
B000002PHN,Live at the Opry,Classic Vocalists | CDs Under $7 | Broadway & Vocalists | Today's Deals in Music,7.17,4.4,AHW3PNOLO4TTHMLIRYC7WQNSMAJQ,B00MMVNA1Q|B00COCY67A|B00B7HFHMG|B000P12LX8|B003M3UK9S|B0036ZKL9G|B001W6Q4BU,Could you guide me to a music CD that is perfect for discovering new vocal talents on a budget?,1,The user has a unique preference for live music recordings and collections that feature a blend of traditional and contemporary folk elements.,Could you guide me to a music CD that is perfect for discovering new vocal talents on a budget? Please recommend me some different styles of music.,-1.0,,0,0,0,1,template_12
B0000028TU,Greatest Hits,Dance & DJ | Today's Deals in Music | CDs $7 - $10 | Dance General,7.73,4.7,AHCHZN6DMPXJ5QMCPXAE3HIKJ2AQ,B00000DCEO|B000001FQY|B000034CV5|B000021XUN|B000003N89|B00000J7SC|B00000284F|B00000AGDX,Can you suggest a music CD that will help with creating a joyful atmosphere for a dance party?,1,The user has a unique preference for music that includes elements of Broadway & Vocalists and Latin Pop.,Can you suggest a music CD that will help with creating a joyful atmosphere for a dance party? Please recommend me some different styles of music.,-1.0,,0.775,1.0,0.8974494639709175,0,template_12
B0010DJ1C4,Saving Sarah Cain,Pop | Easy Listening,13.68,4.7,AF4GMLDCUZSG62IB5S77SFDPPTEA,B075V9T65T|B0001EQ4C8|B000000WFZ|B0000CE752|B002HFP0QU|B001D0EI3Q|B00005USBH|B00009XBWW|B000008FKD,Can you point me to a soundtrack that's best for a relaxing evening at home?,1,"The user has a unique preference for music that evokes nostalgia and emotion, as indicated by their interest in oldies and movie scores.",Can you point me to a soundtrack that's best for a relaxing evening? Please recommend me some different styles of music.,-1.0,,0,0,0,1,template_12
B0001XALH8,Live at the Aquarius Theater: Second Performance,Indie & Alternative | Proto Punk | Hardcore & Punk,169.99,4.7,AFXFNTWJAABX4VYP3DUDJMMAALQA,B0001XALGE|B0001MXOF0|B000QETLUU|B000IFRQL8|B00004YMTH|B00K03YWQU,I'm looking for a music track that captures the energy of a live concert experience.,1,"The user has a unique preference for proto punk and hardcore punk music, as well as a taste for experimental and fusion genres like bebop and rock tributes.",I'm looking for a music track that captures the energy of a live concert. Please recommend me some different styles of music.,-1.0,,0,0,0,1,template_12
B003NWS5AO,Band Of Joy,Classic Rock | Album-Oriented Rock (AOR),10.98,4.5,AFL4AOHMYH5OT5VTBMK7YTYPFSXA,B00192KCQ0|B000KGGB2A|B000UMQDHC|B000UFAURI|B000RLIYZA|B00065GIM8|B000002VCU|B000ELJBAK|B00005UEPL|B000001ELF|B00000C28K|B000PC1QLU|B000RGSOBO|B000PMLFRU|B000000OAL|B000000OBJ|B0000072IT|B0000457EU|B000002J0B|B000IOM0YM|B000002PCO|B000H7JD4K|B000002OX7|B000IONLN6|B000H30BCM|B000I8OFZU|B0009A1AS2|B000065DWB|B000051Y0I|B00004YC1W|B000AA3052|B00009Z570|B00000721O|B000B2YQDE|B000002U82|B00004Y6NP|B00000DQWC|B000005IL1|B000F7MG4G|B000FC2HT0|B000002J29|B000003ORJ|B0000AQVCL|B00004TDJ9|B000EJ9MTW|B000000OAC|B0007LLPM4|B000069KN8|B00097A5HC|B000E6UK5K|B00000I01H|B0000973HA|B0000025HO|B000AL730O|B000B5KRTI|B00006BTAN|B000001EL1|B000001ESD|B000024D4R|B000002J09|B000002KDO,Can you help me pick a tune for a nostalgic road trip with friends?,1,The user has a unique preference for album-oriented rock and enjoys both classic and progressive rock albums. They also show an interest in remastered editions and complete greatest hits collections.,Can you help me pick a tune for a nostalgic road trip? Please recommend me some different styles of music.,-1.0,,0,0,0,1,template_12
B00000BIK4,Tales From the Engine Room,Rock | Progressive Rock | Progressive,13.96,4.2,AFOA76IQKFLF6ASR2JN2XOCKKLPA,B000092IR9|B00JREWN2S|B00MHS5738|B0002BGTUW|B001EDKXXG|B00006372V|B00BRLBHNA|B002N7FIPA|B0027LZ48S|B00TEQMKH2,I'm looking for music with complex structures and experimental sounds to enjoy during a thought-provoking evening at home.,1,"The user has a unique preference for live music recordings and collections of singles, as indicated by their interest in albums like 'Live in Rome' and 'Singles 89-95'.",I'm looking for music with complex structures to enjoy during a thought-provoking evening at home. Please recommend me some different styles of music.,-1.0,,0,0,0,1,template_12
B0002OERI0,American Idiot Import       Explicit Lyrics,American Punk | Indie & Alternative | Hardcore & Punk,10.0,4.7,AFEM4KE5RFEPU7HMP2REQV6OJQ7Q,B000A7Q27I|B000ANVQ5K|B000AGTQKO|B00004KD44|B000008HH2|B0001Z48OS|B000002JS6|B00000IGQU|B00005AMIH|B00006BTBN|B000008OHS|B000001G1R|B000A9QKN2,Do you know any music that would work well for expressing youthful rebellion?,1,The user has a unique preference for glam and album-oriented rock (AOR) music.,Do you know any music that would work well for expressing rebellion? Please recommend me some different styles of music.,-1.0,,0,0,0,1,template_12
B000BM7U7I,Come & Get It,Pop | Dance Pop,99.0,4.8,AHB3RR375WIU5GJBIJYN7FDRH67Q,B000BEPLWM|B0009R34QQ|B0007M22KM|B0007VUBFQ|B0002I94E8|B000127MP8,Can you help me pick a track for a lively party playlist?,1,The user has a unique preference for music that blends elements of dance pop and adult alternative styles.,Can you help me pick a track for a lively party playlist? Please recommend me some different styles of music.,-1.0,,0.425,1.0,0.8617678020318607,0,template_12
B000B5KR2A,Fresh Fruit for Rotting Vegetables,Indie & Alternative | American Punk | Hardcore & Punk,35.99,4.8,AGCNWFFCADSGJIJWWT54EXQAEZNQ,B000ADKTN0|B0009SQ38G|B00006RYB8|B00097HN40|B00005QK1A|B00008OWZG|B0006210X8|B0000248JQ|B0000CDLA7|B0000C0FHU|B0000AN196|B00009QRBK|B0000507DU,I'm after a playlist that works best for a late-night drive to clear my mind.,1,The user has a unique preference for subgenres such as Thrash & Speed Metal and Progressive Metal.,I'm after a playlist that works best for a late-night drive. Please recommend me some different styles of music.,-1.0,,0,0,0,1,template_12
B00005S85L,Beautiful Tomorrow,Electronica | Dance & Electronic,4.94,4.6,AF36RMNDBBX3W5FPTQZVF4IQQCPA,B00005LMNU|B00004U8SI|B00000I0PM|B000031WG5|B00005O7U9,I'm searching for a track that boosts my creativity while working on projects.,1,"The user has a unique preference for sub-genres such as Techno, Electronica, and House, and shows an interest in imported music compilations.",I'm searching for a track that boosts my creativity. Please recommend me some different styles of music.,-1.0,,0,0,0,1,template_12
B000084U3P,The Essential Ozzy Osbourne,Pop | Soft Rock,13.94,4.8,AEMRE2U2XMXU5XU3QKUFJE243U4Q,B000MQ55RA|B00005Y228|B00004ZB9D|B00009KQBB,Whatâs the best music I can use for a mellow evening with friends?,1,"The user has a unique preference for Euro Pop and Techno music, indicating a taste for energetic and rhythmic sounds.",Whatâs the best music I can use for a mellow evening with friends? Please recommend me some different styles of music.,-1.0,,0.425,1.0,0.6676559103336437,0,template_12
B000000WFF,Spiceworld,Adult Contemporary | Pop,10.98,4.8,AGQDGOJT3ILBUUJCA2SRKEZYYTSA,B000000WCA|B00007GUIO|B00012UZ2A|B00020HEH0|B00008NGA5|B00009WHS8|B000089GIO|B00005Y228|B00006IX86,Could you recommend a tune that evokes nostalgia for a mellow evening at home?,1,"The user has a unique preference for music that blends elements of pop with adult contemporary and dance influences, suggesting a taste for catchy, yet sophisticated and rhythmic tunes.",Could you recommend a tune that evokes nostalgia for a mellow evening at home? Please recommend me some different styles of music.,-1.0,,0.7666666666666667,1.0,0.9868430493270298,0,template_12
B000002U0R,Down Every Road 1962-1994,Bakersfield Sound | Classic Country | Country,99.0,4.8,AHKRBLSRS2XML2QIJYKTRXXPYISQ,B0000DFZZV|B000002GFC|B000002GVW|B0026IZR3E|B000BYCAJE,Could you recommend a music compilation that's perfect for a nostalgic family gathering?,1,The user has a unique preference for album-oriented rock and enjoys exploring today's deals in music.,Could you recommend a music compilation that's perfect for a nostalgic family gathering? Please recommend me some different styles of music.,-1.0,,0,0,0,1,template_12
B000002I3Y,Amazing Grace,Soul | Southern Soul | R&B,25.93,4.7,AEJDYLIU2ZFSBV2O3E5KUNNQCREQ,B06XSDC2G1|B0734BGLLQ|B00BYCT3T2|B001GUJ9JQ,Could you guide me to a soulful track that is best suited for emotional healing and spiritual connection?,1,"The user has a unique preference for music that includes CD rarities and Motown influences, as well as a seasonal interest in Christmas-themed music.",Could you guide me to a soulful track that is best suited for emotional healing? Please recommend me some different styles of music.,-1.0,,0,0,0,1,error
B07FSVYRXJ,Toxicity,Hard Rock | Rock,19.97,4.9,AEKQRLEDOXNAOBCQ7UUP5PDO634Q,B00F5YTI2M|B005STGJPI|B01CODVHZW|B078FHJKKY|B00008J2WB|B01H4X2JI6|B01MCZ9742|B004OKFIRW|B002WNU0M6|B01GGJV5VQ|B00YJKGUZQ|B00IXHC0QY|B00JMBQE76|B010T34MLU|B01LTHN0DG|B000000OU2|B003U82OJO|B002PL5GTC,Could you recommend a track that boosts my energy during intense workouts?,1,"The user shows a unique preference for American Alternative and Indie music, as well as a fondness for remastered and greatest hits collections.",Could you recommend a track that boosts my energy during workouts? Please recommend me some different styles of music.,-1.0,,0,0,0,1,template_12
B00000E5MU,Never Run Never Hide,Hard Rock | CDs Under $7 | Hard Rock & Metal | Today's Deals in Music,59.0,4.7,AET7FZPX2BX2NKCSVU6WJM52PUGA,B004YMAYEW|B000GBEOKU|B00007BKHU|B012UNH24Q|B00000331T|B00004WF5I|B000003IVB|B0009NSDRU|B000003MSH|B000002HOF|B00000348G|B000002VTL|B00080EUY4|B000002ILE|B0000AGWFX|B000002P1T|B00003XA89|B001QI6ADQ|B000002AQQ|B00CMB8MXC|B0007OY474|B001U7ADZ4,I need something like a music CD that's great for an intense workout and is budget-friendly.,1,"The user shows a particular interest in themed music collections, such as '20th Century Masters' and soundtracks from popular movies. They also seem to appreciate music that is part of special deals or promotions, such as 'Today's Deals in Music' and CDs priced between $7 - $10.",I need something like a music CD that's great for an intense workout and is budget-friendly. Please recommend me some different styles of music.,-1.0,,0,0,0,1,template_12
B00028X26Y,Now Playing: Movie Themes - Solo Piano,Smooth Jazz | Jazz,29.92,4.9,AFSRWWPA2J5ILNXEV4FEDQ66WRQA,B001BBOSBE|B0034XRCV0|B00080Z78C|B00000855D,Can you point me to a piano piece thatâs best for a romantic evening at home?,1,"The user has a unique preference for original cast recordings and artists like John Barrowman and Benzali, indicating a specific interest in musical theater performances.",Can you point me to a piano piece thatâs best for a romantic evening at home? Please recommend me some different styles of music.,-1.0,,0.475,1.0,0.8762717075182239,0,template_12
B00003002E,Steppenwolf: All Time Greatest Hits,Classic Rock | Album-Oriented Rock (AOR),9.89,4.7,AHEB5CBIC3XM6JHTDUB73DUCPIPA,B00004ZB9D|B00004WXH1|B000063S6Z|B000002MKM|B000002B30|B002ECN4P0|B00006L736|B000HEVYR2|B00U1ZLZTY|B000003N4G|B0018TLRUE,Can you suggest a music compilation for a nostalgic road trip with classic rock vibes?,1,"The user has a unique preference for Album-Oriented Rock (AOR) and ambient music, indicating a taste for both structured rock albums and atmospheric soundscapes.",Can you suggest a music compilation for a nostalgic road trip? Please recommend me some different styles of music.,-1.0,,0,0,0,1,template_12
B007RV4BDW,Bring Heavy Rock To The Land,Hard Rock | Rock,42.16,4.2,AGWKVVLIQPNZZC7MYPZMOTDXRNHQ,B001MRMS8M|B00P7PKFQC|B00000347E|B00000JPCV|B000009SFB|B00005QIUJ|B00008FKJN|B00005YDNG|B0000074PR|B00000DP1H|B0039BD77A|B0012OTVR6|B001TRDPB4|B003KQKAMY,I need something like a playlist thatâs good for boosting my energy during an intense workout.,1,"The user shows a unique preference for Scandinavian music and artists, as well as a strong inclination towards metal music.",I need something like a playlist thatâs good for boosting my energy during an intense workout. Please recommend me some different styles of music.,-1.0,,0.9,1.0,0.9350333982795949,0,template_12
B004LP601S,Vices & Virtues,Adult Alternative | Pop,7.69,4.8,AFRIIXVVMUJWHPHKPTFQH3ACYKMA,B07RC8KSWK|B07D3H67CX|B014IL5JAM|B00E6F13W4,Can you recommend a tune that helps me express my emotions after a long day?,1,"The user shows a preference for music albums that are characterized by unique and diverse sounds, often associated with indie and alternative music scenes.",Can you recommend a tune that helps me express my emotions? Please recommend me some different styles of music.,-1.0,,0.4,1.0,0.7195876830925113,0,template_12
B00VXGTJMU,Django and Jimmie,Today's Country | Country,11.98,4.7,AGKQTIAK6743LPXZJXLAKJULO36A,B000028U0Y|B00JXZNFP0|B00014GHP2|B000002WWJ|B001R1KO48|B000HC2PCM|B008VTRKJG|B005803T50|B0084DTWQI|B00O9KZUHU|B008VTRJBK|B0045DO888|B00B8O4V34|B000001E9L|B0009RQSD2|B000RY01VC|B000ROAKI6|B000639YTO|B008DVJOWS|B016W64BIC,Iâd like a music recommendation thatâs perfect for a lively evening at a honky-tonk bar.,1,"The user shows a particular interest in collections and greatest hits albums, suggesting a preference for comprehensive compilations of an artist's work.",Iâd like a music recommendation thatâs perfect for a lively evening at a honky-tonk bar. Please recommend me some different styles of music.,-1.0,,0,0,0,1,template_12
B000000NY4,This Is the One Dig,Stride Piano | Traditional Jazz & Ragtime | Jazz,10.0,4.2,AG2LQI72TRDCDS4MYRWDUKA3BRVQ,B000000NY4|B000000NY4|B00EOYK64I|B00EOYK64I|B00EOYK64I|B000000NXT|B000000NXT|B000000NXT|B000CPWCQS|B000CPWCQS|B000CPWCQS|B000000XOA|B000000XOA|B000000XOA|B0000031MJ|B0000031MJ|B0000031MJ|B000000Z57|B000000Z57|B000000Z57|B00BHWG1P8|B00BHWG1P8|B00BHWG1P8|B000UZ4D1M|B000UZ4D1M|B000UZ4D1M|B007O2LIB2|B007O2LIB2|B007O2LIB2|B000003H8O|B000003H8O|B000003H8O|B00005AAVP|B00005AAVP|B00005AAVP|B00280LSTC|B00280LSTC|B00280LSTC|B000005XDM|B000005XDM|B000005XDM|B00DBQ0AV4|B00DBQ0AV4|B00DBQ0AV4|B00BSO2U1Y|B00BSO2U1Y|B00BSO2U1Y|B0015LBBCO|B0015LBBCO|B0015LBBCO,Do you have any suggestions for a music piece that would be good for an energetic live performance?,1,"The user shows a unique preference for stride piano and musicals, suggesting a fondness for complex piano compositions and theatrical music performances.",Do you have any suggestions for a music piece that would be good for an energetic performance? Please recommend me some different styles of music.,-1.0,,0,0,0,1,template_12
B01N7UHKP0,Lifer,Pop & Contemporary | Christian & Gospel,11.44,4.8,AGPHODZ4Z42D6IL365NNYPZMZLYQ,B0075SEAGA|B00YAWIZZQ|B00E6F1360|B005FT2MN4|B00AO7HOE4|B00CMYRLV8|B007G9NE24,I'm looking for a tune that lifts my spirits during personal reflection time.,1,"The user has a unique preference for music that blends elements of dance pop with Christian themes, indicating a taste for uplifting and energetic music.",I'm looking for a tune that lifts my spirits during personal reflection time. Please recommend me some different styles of music.,-1.0,,0,0,0,1,template_12
B000002IYS,Hints Allegations and Things Left Unsaid,Indie & Alternative | American Alternative | Alternative Rock,9.48,4.7,AEO662TACYMWDERQES5JU2KEAW4Q,B000008K1F|B000002585|B000002LNQ|B00MI7120K|B000002IW6|B00005LMMD|B002CPD5MQ|B000008KRZ|B000WTZ78Y|B000050I3L|B000050HVR|B0000033L1|B00S5JO44G|B0000033KP,I'm looking for a music album that provides a nostalgic and emotional experience for a late-night drive.,1,"The user shows a particular interest in music deals and budget-friendly options, as indicated by the frequent keyword 'Today's Deals in Music' and 'CDs $7 - $10'.",I'm looking for a music album that provides a nostalgic experience for a late-night drive. Please recommend me some different styles of music.,-1.0,,0,0,0,1,template_12
B000002MNF,The Hits / The B-Sides,Dance Pop | Pop,21.31,4.8,AHLPK3OYWWZESSNIPAMAN5ZA2Q3A,B0000249DO|B000000WIW|B000002V07|B00005QITR|B000FVQYYK|B00008PX8O|B000002L8P|B00CUKTGJO|B0073ODRKG,I'm interested in a music compilation that can help me relive the energy of 80s and 90s dance parties.,1,The user shows a unique preference for European music influences and has a particular interest in artists who have had a significant impact on the Indie & Alternative music scene.,I'm interested in a music compilation that can help me relive the energy of 80s and 90s dance parties. Please recommend me some different styles of music.,-1.0,,0.0,0.0,0.0,1,template_12
B00016MT6Q,Rammstein - Lichtspielhaus,Progressive Metal | Rock | Progressive,11.98,4.7,AHCZCD6CZZ4CXDCB7UGYEZEHYF7Q,B000QCS2UM|B000YEUUCK|B0012PK07A|B000EHSVI2|B000E97HHG,Can you help me choose a music track for a thought-provoking evening of live performances?,1,"The user has a unique preference for live music recordings and performances, as well as a taste for Funk and R&B genres.",Can you help me choose a music track for a thought-provoking evening of live performances? Please recommend me some different styles of music.,-1.0,,0.775,1.0,0.9967930312361725,0,template_12
B000JCETC4,On an Island,Rock | Progressive Rock | Progressive,22.87,4.7,AGPJOXPAC7KYGDZYEEFCGFL6A6UQ,B00005ATM6|B0009X76LY|B00000G0XH|B000BTC5LW,I want to find music that features intricate storytelling and is perfect for a thought-provoking evening.,1,"The user has a unique preference for music that blends elements of Dance & Electronic with Smooth Jazz and Ambient sounds, indicating a taste for complex and atmospheric musical experiences.",I want to find music that features intricate storytelling for a thought-provoking evening. Please recommend me some different styles of music.,-1.0,,0.0,0.0,0.0,1,template_12
B000095J4W,The Colored Section,Electric Blues | Blues,11.71,4.7,AFL5SLNZH4VSQS7CKH5E3YGQYLZA,B00LGGKQVU|B00IJE19K4|B00LM0H3YS|B016WW10SA,Can you recommend me a track that captures intense emotions for a live performance at a music festival?,1,The user has a preference for clean versions of music and is interested in deals or promotions related to entertainment products.,Can you recommend me a track that captures intense emotions for a live performance? Please recommend me some different styles of music.,-1.0,,0,0,0,1,template_12
B000002J01,Led Zeppelin 1,Rock Guitarists | Guitar Gods | Rock,23.98,4.8,AHBXDXKBA5M6DXCLO4KHD4KVO3LA,B0012GMY1O|B007Y57P66|B0012SWVKG|B0015NQBH2|B000UO7IMO|B00005B7RS|B004O0UNMM|B00006AWF4|B000089YBC|B000I2KJP6|B000LP4NXE|B005XO9ATK|B000000EL4|B00008PRS8|B004MAM06G|B00CMYRU0A|B007R8UVPC|B00H9EURS0|B00005LNFH|B0000CBL9E|B0002MHEJQ|B000000XHQ|B000000YOM|B00K5P3C4Q,Can you suggest a guitar-focused album for a nostalgic evening reminiscing about past concerts?,1,"The user shows a unique preference for jazz subgenres like bebop and swing, as well as a specific interest in guitar artistry and live music experiences.",Can you suggest a guitar-focused album for a nostalgic evening? Please recommend me some different styles of music.,-1.0,,0.95,1.0,0.8353234337062028,0,template_12
B000H0MKGA,B'Day,CDs $7 - $10 | Dance & DJ | Dance General | Today's Deals in Music,8.2,4.6,AGDSVCA6QKMHVSQE2HMWC6AHWCLA,B000EQ4G5K|B0009XFJ0O|B000CCBC5S|B000BISBEI|B000BNTM32,Do you have any suggestions for a vibrant music collection that would be good for a lively dance party?,1,"The user has a unique preference for music that blends international influences, particularly enjoying the fusion of Reggae and Dance Hall with R&B and Soul elements.",Do you have any suggestions for a vibrant music collection for a lively dance party? Please recommend me some different styles of music.,-1.0,,0.35,0.5,0.4765209392736229,0,template_12
0.24601449275362322,0.4396135265700483,0.3668582340672721,0.4492753623188406
